strategy,cash,months,total_return,cagr,vol,sharpe,sortino,max_dd,max_dd_months,calmar,win_rate,profit_factor,skew,kurt,switches,avg_weight,turnover_py,corr_bh,beta,alpha_ann,alpha_t,ir_vs_bh,dsr
BH Buy & hold,cash_lo,1644,147681.7767942091,0.0907678647872201,0.14261970778898353,0.6820203896750907,1.0730193684424665,-0.8175983465052695,183,0.1110176716662857,0.6228710462287105,1.7483815856564,0.5609502385182847,21.07138193703021,0,1.0,0.0,1.0,1.0,0.0,,,
S1 Trend (SMA),cash_lo,1644,18181.677066160883,0.07421791982238823,0.09336746486059293,0.8162598078633412,1.3277354812925362,-0.515478312921706,138,0.14397874355125567,0.41362530413625304,2.2301379455062453,-0.7087625832800211,12.796414245094617,186,0.6326034063260341,1.3576642335766422,0.6448736952147834,0.4221732256426476,0.03514750980408339,5.763275402946409,-0.1931669061392809,0.999999999836004
S2 TS momentum,cash_lo,1644,15673.561005425823,0.0730547074711363,0.101059515574553,0.750957238455234,1.1727868581736662,-0.48831072669601794,102,0.14960700938403537,0.458029197080292,1.9844615938693217,-0.8001527821393469,10.642889318095166,110,0.7201946472019465,0.8029197080291971,0.6996141073529947,0.4957425861706773,0.02767071711642395,4.48390446369918,-0.2097692554062802,0.9999999946068587
S3 CAPE valuation,cash_lo,1402,14804.484486420513,0.08566412241719434,0.13209378041660347,0.6886374452963072,1.1318086826926685,-0.751513567108649,82,0.11398879031123275,0.6348074179743224,1.8274298625328371,1.4009808097993917,29.94429789046609,38,0.8245363766048502,0.16262482168330955,0.9673189016161934,0.8641777449062611,0.0018012619796546926,0.5810816247603006,-0.3127132736182763,0.9999999409176421
S4 Equity risk premium,cash_lo,1402,4782.169160317749,0.07521527902076475,0.12016587978634996,0.6633219792966583,1.1095160505541648,-0.7214277643698628,76,0.10425891923699689,0.6355206847360912,1.8445957704178058,2.0586720668033984,42.64654625224411,28,0.706490727532097,0.11982881597717547,0.949900057447646,0.7719872338787266,5.71688041673471e-05,0.016446802659297568,-0.46499757945167713,0.9999998053921177
S5 Seasonal (Nov-Apr),cash_lo,1644,1082.2533236677868,0.05232845546848064,0.0913546654886656,0.6061105257366014,0.9386311365818245,-0.5547492636373874,273,0.09432812064566382,0.3156934306569343,1.9600863433285551,-1.0716483261608658,17.252056216719808,274,0.5,2.0,0.6258141119909404,0.4008635254224999,0.01637921012706876,2.6897452812921947,-0.37658461438689633,0.9999856204694301
S6 Vol target,cash_lo,1644,109536.68029775383,0.08839148473619418,0.12328428249942745,0.7518638433016545,1.1491046875660462,-0.6703443462417735,176,0.1318598198549048,0.6228710462287105,1.782768535268457,-0.6663216513755353,7.815330988624015,324,0.9553044028180675,0.10071878927116999,0.9568768918136427,0.8271499281296345,0.01223649425752716,3.997979810380726,-0.10526222982705936,0.9999999978220581
BH Buy & hold,cash_hi,1644,147681.7767942091,0.0907678647872201,0.14261970778898353,0.36182326725959274,0.5365992820745791,-0.8175983465052695,183,0.1110176716662857,0.5748175182481752,1.3474190570824003,0.5761422741484068,21.0457832859415,0,1.0,0.0,1.0,1.0,0.0,,,
S1 Trend (SMA),cash_hi,1644,174361.1385366612,0.09209086677392442,0.09251196473210761,0.5089135851299063,0.763315318995767,-0.46884592653263035,81,0.19642031968793303,0.3777372262773723,1.644252362269154,-0.8605741367465479,13.341485053840142,186,0.6326034063260341,1.3576642335766422,0.646463543060732,0.42023318383423236,0.02544021724371754,4.216669166407668,-0.04153444940651865,0.9998661805098132
S2 TS momentum,cash_hi,1644,67217.04287430951,0.08451889547626346,0.09559289589332538,0.4228579745111686,0.613579245139714,-0.5111094048396596,103,0.16536360840939313,0.3771289537712895,1.5050304474560114,-0.9708183330895117,12.694382095670026,122,0.6411192214111923,0.8905109489051095,0.6664281542747738,0.4472292270455231,0.017347338758562807,2.849482925441152,-0.10549064862139958,0.997100024210141
S3 CAPE valuation,cash_hi,1402,35515.9079949636,0.09382561587645943,0.13187638675067775,0.3863325766735218,0.5963738074620396,-0.7465588848584275,81,0.12567744859704122,0.5848787446504993,1.4050382749122203,1.380823752949878,30.013646850117365,38,0.8245363766048502,0.16262482168330955,0.9679888951346701,0.8637473494240145,0.002900544074745489,0.9464175309159374,-0.12107124439021333,0.9924595989621224
S4 Equity risk premium,cash_hi,1402,34014.60933957374,0.0934213401259858,0.11985030518505962,0.40911241972217266,0.6516370584714893,-0.71339993635174,76,0.13095226865835413,0.5848787446504993,1.461728840521953,2.0462320305043447,42.610271712963765,28,0.706490727532097,0.11982881597717547,0.9511337564742968,0.7716086309343793,0.006134037696452798,1.7892282910671717,-0.13152814708047536,0.9968629740549182
S5 Seasonal (Nov-Apr),cash_hi,1644,24745.706097047747,0.07663741959897208,0.09052173915811414,0.36120422830619253,0.5199221609913877,-0.4885767800845,118,0.15685849742126004,0.298661800486618,1.4898518166003762,-1.3115488076641424,18.16363621936566,274,0.5,2.0,0.6280066873306162,0.39850148089575754,0.012073037913997046,2.010045805794227,-0.1712701051453618,0.9808081039231201
S6 Vol target,cash_hi,1644,139222.33958270933,0.09029832128314474,0.12326413619589537,0.39562912656239707,0.5659128936710522,-0.6570131814505282,85,0.13743760982662115,0.5748175182481752,1.3581133202676412,-0.6585431725620795,7.783776380816901,324,0.9553044028180675,0.10071878927116999,0.9572135286653952,0.8277817251447176,0.006081904016578729,1.9937794242455256,-0.06499878620775511,0.9943767737375747
