strategy,cash,months,total_return,cagr,vol,sharpe,sortino,max_dd,max_dd_months,calmar,win_rate,profit_factor,skew,kurt,switches,avg_weight,turnover_py,corr_bh,beta,alpha_ann,alpha_t,ir_vs_bh,bh_sharpe_same_window,oos_end,dd_since_2005,dd_full
BH Buy & hold,cash_lo,104,2.3438347398041173,0.1494492076577123,0.12994144222602905,1.1449728620948258,1.664378939324109,-0.19263249391552095,23,0.7758255350379947,0.7403846153846154,2.373185411011948,-1.7986597062886927,9.81839520593162,0,1.0,0.0,1.0,1.0,0.0,,,,,,
S1 Trend (SMA),cash_lo,104,1.5036871518225268,0.11170614692695957,0.11188217289893035,1.008804885768961,1.416706975406294,-0.18916572657958652,17,0.5905200109278894,0.5961538461538461,2.395221366391013,-2.3612895717873146,15.26279448778903,8,0.8076923076923077,0.9230769230769231,0.8376619219332146,0.7212436184720824,0.005561071802288563,0.26660121364915185,-0.5055380498669534,1.1449728620948258,2026-08-01,-0.18916572657958652,-0.5154783129217061
S2 TS momentum,cash_lo,104,1.4106334114896089,0.10685838207877518,0.11894030336454914,0.9187235344303578,1.2884424114070023,-0.18916572657958652,26,0.5648929328316634,0.6153846153846154,2.1655966442819605,-2.033685454352127,12.530008333553686,6,0.8461538461538461,0.6923076923076924,0.8917067456360837,0.8162128187994317,-0.012162417973690269,-0.6618671000567575,-0.6708084323708203,1.1449728620948258,2026-08-01,-0.18916572657958652,-0.4883107266960177
S3 CAPE valuation,cash_lo,66,0.35919943950747135,0.057385393081240466,0.07058527169342678,0.8279429806513382,1.130966313866488,-0.09922706633893064,18,0.5783239916136264,0.7272727272727273,1.913670375750517,-1.9782063860165708,10.054326494346025,0,0.5,0.0,0.9999999999999998,0.5,0.0,,-0.8279429806513382,0.8279429806513382,2023-06-01,-0.3592622719584522,-0.751513567108649
S4 Equity risk premium,cash_lo,66,0.5987155364160859,0.08905373364849134,0.08321189923195775,1.0701583145585545,1.721599519021139,-0.09922706633893075,18,0.8974742168060248,0.7272727272727273,2.379911551201487,-0.8548333134247678,7.0507008094257975,2,0.5681818181818182,0.18181818181818182,0.9544606717579619,0.5625995574837918,0.0232926166736161,2.1834372770419828,-0.4181907943418307,0.8279429806513382,2023-06-01,-0.32906216699717294,-0.7214277643698628
S5 Seasonal (Nov-Apr),cash_lo,104,0.5396861978068819,0.05105827126838802,0.10194136231424039,0.5427948919983074,0.7288173622044745,-0.18916572657958652,18,0.26991290754198327,0.3557692307692308,1.8443482336123822,-2.617659595538485,19.77938913419811,17,0.5,1.9615384615384617,0.7520630780781307,0.5900068016188932,-0.03244762194948652,-1.4147981686081337,-1.0897891677198692,1.1449728620948258,2026-08-01,-0.2904294428563714,-0.5547492636373874
S6 Vol target,cash_lo,104,1.8742714515875187,0.12955414005289634,0.12584981977819573,1.0379098780831,1.4614878423148219,-0.19263249391552129,23,0.6725456200017434,0.7403846153846154,2.208530029204601,-1.9445264703790186,10.697465837591164,17,0.9576671187311546,0.10213663393243154,0.9920486119998781,0.9608107844010443,-0.012328104944082714,-2.2802360407113222,-1.0914395526407838,1.1449728620948258,2026-08-01,-0.46524953234132815,-0.6703443462417735
BH Buy & hold,cash_hi,104,2.3438347398041173,0.1494492076577123,0.12994144222602905,0.9216437913426107,1.2987986549143504,-0.19263249391552095,23,0.7758255350379947,0.6826923076923077,2.0230517364660403,-1.7632923387946593,9.546364023020349,0,1.0,0.0,1.0,1.0,0.0,,,,,,
S1 Trend (SMA),cash_hi,104,1.6290487807701535,0.11799099404319646,0.11145189996748141,0.8046285240623414,1.093582087193444,-0.18916572657958652,15,0.6237440374462064,0.5576923076923077,2.022809063706811,-2.384815281382389,15.249918308965256,8,0.8076923076923077,0.9230769230769231,0.840257304293432,0.7196556159315611,0.003335838110126426,0.1619948210717123,-0.42939812816600426,0.9216437913426107,2026-08-01,-0.18916572657958652,-0.4688459265326307
S2 TS momentum,cash_hi,104,1.5113495717759764,0.112098192583445,0.11861801363383015,0.7178285570373559,0.9744847427278064,-0.18916572657958652,25,0.5925925092793309,0.5673076923076923,1.8411265071568326,-2.0476420190608677,12.443024486084047,6,0.8461538461538461,0.6923076923076924,0.8949676519992436,0.815842429584971,-0.012703098354698114,-0.7042545487776336,-0.5994281524650428,0.9216437913426107,2026-08-01,-0.18916572657958652,-0.5111094048396594
S3 CAPE valuation,cash_hi,66,0.44376692321641853,0.06905357586965799,0.07037198575450701,0.669613499055204,0.896305915761789,-0.09422036328979322,17,0.73289439202511,0.6515151515151515,1.6974831231985041,-1.9370385549711737,9.767852087388246,0,0.5,0.0,0.9998028950663289,0.5,1.0408340855860843e-17,3.2619783582647863,-0.6696134990552038,0.6696134990552038,2023-06-01,-0.3465606965616662,-0.7465588848584275
S4 Equity risk premium,cash_hi,66,0.693316364435723,0.10049670469883942,0.08261825498272642,0.9288039068998396,1.4630720254997351,-0.09422036328979322,17,1.0666134282431292,0.6515151515151515,2.1294899310429956,-0.8229677649682341,6.911486294411889,2,0.5681818181818182,0.18181818181818182,0.9573031139783486,0.5632597366201021,0.024077171307498854,2.2931077183696553,-0.2608207460993134,0.6696134990552038,2023-06-01,-0.31471026755839115,-0.71339993635174
S5 Seasonal (Nov-Apr),cash_hi,104,0.7446099289755252,0.06632175560028242,0.10137309445321054,0.403294467198759,0.525406782236742,-0.18916572657958652,18,0.3506013314329394,0.3076923076923077,1.5759222416013106,-2.7185427125419945,20.11225355881293,17,0.5,1.9615384615384617,0.7582696811154531,0.5909840425606756,-0.02998350552586341,-1.3310803903617594,-0.932148326960951,0.9216437913426107,2026-08-01,-0.2757653829611386,-0.48857678008450023
S6 Vol target,cash_hi,104,1.8850419811785697,0.13004171964593514,0.1258951977421413,0.812043137783021,1.107037280172486,-0.19263249391552095,23,0.6750767588720779,0.6826923076923077,1.8739841413047913,-1.9243185795577977,10.44237714553826,17,0.9576671187311546,0.10213663393243154,0.9923048861382163,0.9598246336779823,-0.012901289477998103,-2.4354365211100584,-1.0819505278534842,0.9216437913426107,2026-08-01,-0.4636260500174352,-0.6570131814505284
