strategy,cash,base,unit,is_sharpe,bh_is_sharpe,sens_5,sens_8,sens_12,sens_15,min_sens_sharpe,lag1_sharpe,cost2x_sharpe,drop_best_year,drop_best_sharpe,vsBH_1881-1945,vsBH_1946-1989,vsBH_1990-2004,vsBH_2005-2017,sens_6,sens_9,sens_18,sens_60,sens_70,sens_90,sens_30,sens_40,sens_10,sens_12.5,sens_17.5,sens_20
S1 Trend (SMA),cash_lo,10,months,0.8162598078633412,0.6820203896750907,0.6815329970037148,0.8189945695830492,0.8458577999810463,0.7695743356496523,0.6815329970037148,0.9715387601782717,0.8013400816475059,1954,0.79356283128612,0.16689845265451192,-0.0464475655434331,0.12541340242187693,0.27178034726246025,,,,,,,,,,,,
S2 TS momentum,cash_lo,12,months,0.750957238455234,0.6820203896750907,,,,0.706125126202957,0.706125126202957,0.8706997667417463,0.7430164365873397,1954,0.7274116556268126,0.08017372016666086,-0.1740264433330143,0.32847797649877775,0.3011785353241381,0.8019457865750862,0.7920810180434787,0.7080627860702837,,,,,,,,,
S3 CAPE valuation,cash_lo,80,pctile,0.6886374452963072,0.6820203896750907,,,,,0.6886374452963072,0.6557383754021063,0.6873661620302065,1933,0.685450995202685,0.025322737082744906,-0.004649806839301274,-0.054802289447258845,0.07006706829018705,,,,0.6919280819914564,0.7006387218649609,0.689139274949922,,,,,,
S4 Equity risk premium,cash_lo,50,pctile,0.6633219792966583,0.6820203896750907,,,,,0.6447999423197309,0.6353995667291008,0.6623571770100396,1933,0.6615163910049172,0.04549704853586478,0.018162253850773635,0.0,0.13750653575798633,,,,0.6496765237844309,0.6447999423197309,,0.6653882633888493,0.6807383814282277,,,,
S5 Seasonal (Nov-Apr),cash_lo,11,start month,0.6061105257366014,0.6820203896750907,,,0.5626945071779886,,0.47966135100786955,,0.5840034648163294,1998,0.5890281843173805,-0.18966038604361046,-0.04596758169452875,0.11892514780753483,0.04651228642484484,,,,,,,,,0.47966135100786955,,,
S6 Vol target,cash_lo,15,% vol,0.7518638433016545,0.6820203896750907,,,,,0.729735731392555,0.7621884114901479,0.7510327675679986,1954,0.7325229594429092,0.09744997039340714,-0.017472631530844107,0.014891011010765398,-0.0423747789155029,,,,,,,,,0.7517497437051618,0.7550420794679148,0.7424584912358451,0.729735731392555
S1 Trend (SMA),cash_hi,10,months,0.5089135851299063,0.36182326725959274,0.3853996413838181,0.5096995724124734,0.5351770108726578,0.46531579109971416,0.3853996413838181,0.6752893149914063,0.49406720463591247,1954,0.4854358826488414,0.18927138257445336,0.03138803471981427,0.10450255178228024,0.23718527032322267,,,,,,,,,,,,
S2 TS momentum,cash_hi,12,months,0.4228579745111686,0.36182326725959274,,,,0.35927494694047013,0.3415898497144603,0.5790397666723728,0.41358485130752326,1954,0.39935436279385456,0.0765381912791081,-0.0928515826992451,0.22769711024290856,0.20883488890971869,0.44556967774624834,0.48888451703615327,0.3415898497144603,,,,,,,,,
S3 CAPE valuation,cash_hi,80,pctile,0.3863325766735218,0.36182326725959274,,,,,0.3816571291729124,0.3566982208702369,0.38508317924244595,1933,0.3716741577025381,0.026670140927027186,0.007565236620604154,-0.03394051146877103,0.10983742551504005,,,,0.3995252669324846,0.40337722057172787,0.3816571291729124,,,,,,
S4 Equity risk premium,cash_hi,50,pctile,0.40911241972217266,0.36182326725959274,,,,,0.3861558118844473,0.3823813804347935,0.40813606117658596,1933,0.3957755153561595,0.04943310661892225,0.10508040872668872,0.0,0.17320156263691333,,,,0.3940843588221518,0.3861558118844473,,0.4081038906683336,0.4236221763342072,,,,
S5 Seasonal (Nov-Apr),cash_hi,11,start month,0.36120422830619253,0.36182326725959274,,,0.3188789065978485,,0.23902747621841036,,0.3389624751753892,1998,0.3429078697654788,-0.15226526864746917,0.11130734460225905,0.29180988758630627,0.11325493609892079,,,,,,,,,0.23902747621841036,,,
S6 Vol target,cash_hi,15,% vol,0.39562912656239707,0.36182326725959274,,,,,0.3832767638316185,0.4021188991143198,0.3948079151076521,1954,0.37573645409982565,0.05835376654665064,-0.01675527371647162,0.014032012012918038,-0.048009230891006005,,,,,,,,,0.38396066762039255,0.3936713580655001,0.39071728929273053,0.3832767638316185
