strategy,cash,wf_sharpe_1931_2017,base_sharpe_1931_2017,bh_sharpe_1931_2017
S1 Trend (SMA),cash_lo,0.9200644660365304,0.891285713395683,0.7129864906238713
S2 TS momentum,cash_lo,0.8501745745626111,0.8250127717360791,0.7129864906238713
S3 CAPE valuation,cash_lo,0.6579164770634707,0.6806511531423062,0.7129864906238713
S4 Equity risk premium,cash_lo,0.6172670984397575,0.6352221999653669,0.7129864906238713
S5 Seasonal (Nov-Apr),cash_lo,0.6074862685428244,0.6871866306547246,0.7129864906238713
S6 Vol target,cash_lo,0.7778541333402472,0.8027766907805091,0.7129864906238713
S1 Trend (SMA),cash_hi,0.5600915477816795,0.5391279859860005,0.38181885636780305
S2 TS momentum,cash_hi,0.4818234356215443,0.4481050781810885,0.38181885636780305
S3 CAPE valuation,cash_hi,0.38737475768732244,0.3811117208921275,0.38181885636780305
S4 Equity risk premium,cash_hi,0.38525593907792854,0.39981633353181983,0.38181885636780305
S5 Seasonal (Nov-Apr),cash_hi,0.36328355046239896,0.42385207974084654,0.38181885636780305
S6 Vol target,cash_hi,0.40317092292667756,0.4189246025400675,0.38181885636780305
